{"cameraMode":{"drawMode":0,"name":"Shaded","section":"Shading Mode"},"sceneLighting":true,"audioPlay":false,"sceneViewState":{"showFog":true,"showMaterialUpdate":false,"showSkybox":true,"showFlares":true,"showImageEffects":true,"showParticleSystems":true},"in2DMode":false,"pivot":{"x":-0.5804879665374756,"y":1.8185569047927857,"z":-0.17718958854675294},"rotation":{"x":-0.07669690996408463,"y":0.9095748066902161,"z":-0.1941635012626648,"w":-0.3592930734157562},"size":2.430560350418091,"orthographic":false}