{"cameraMode":{"drawMode":0,"name":"Shaded","section":"Shading Mode"},"sceneLighting":true,"audioPlay":false,"sceneViewState":{"showFog":true,"showMaterialUpdate":false,"showSkybox":true,"showFlares":true,"showImageEffects":true,"showParticleSystems":true},"in2DMode":false,"pivot":{"x":1.8161163330078126,"y":-3.6346616744995119,"z":0.5311241149902344},"rotation":{"x":0.3288032114505768,"y":0.5845334529876709,"z":-0.2797706425189972,"w":0.6869832873344421},"size":8.97413158416748,"orthographic":false}